Year,Month,Weight,Unit
2025,JAN,6.65,"LB / HEAD, LIVE BASIS"
2024,JAN,6.58,"LB / HEAD, LIVE BASIS"
2024,FEB,6.5,"LB / HEAD, LIVE BASIS"
2024,MAR,6.47,"LB / HEAD, LIVE BASIS"
2024,APR,6.53,"LB / HEAD, LIVE BASIS"
2024,MAY,6.52,"LB / HEAD, LIVE BASIS"
2024,JUN,6.56,"LB / HEAD, LIVE BASIS"
2024,JUL,6.52,"LB / HEAD, LIVE BASIS"
2024,AUG,6.57,"LB / HEAD, LIVE BASIS"
2024,SEP,6.68,"LB / HEAD, LIVE BASIS"
2024,OCT,6.7,"LB / HEAD, LIVE BASIS"
2024,NOV,6.64,"LB / HEAD, LIVE BASIS"
2024,DEC,6.61,"LB / HEAD, LIVE BASIS"
2023,JAN,6.55,"LB / HEAD, LIVE BASIS"
2023,FEB,6.5,"LB / HEAD, LIVE BASIS"
2023,MAR,6.49,"LB / HEAD, LIVE BASIS"
2023,APR,6.49,"LB / HEAD, LIVE BASIS"
2023,MAY,6.53,"LB / HEAD, LIVE BASIS"
2023,JUN,6.53,"LB / HEAD, LIVE BASIS"
2023,JUL,6.48,"LB / HEAD, LIVE BASIS"
2023,AUG,6.47,"LB / HEAD, LIVE BASIS"
2023,SEP,6.62,"LB / HEAD, LIVE BASIS"
2023,OCT,6.7,"LB / HEAD, LIVE BASIS"
2023,NOV,6.62,"LB / HEAD, LIVE BASIS"
2023,DEC,6.61,"LB / HEAD, LIVE BASIS"
2022,JAN,6.47,"LB / HEAD, LIVE BASIS"
2022,FEB,6.46,"LB / HEAD, LIVE BASIS"
2022,MAR,6.43,"LB / HEAD, LIVE BASIS"
2022,APR,6.4,"LB / HEAD, LIVE BASIS"
2022,MAY,6.42,"LB / HEAD, LIVE BASIS"
2022,JUN,6.45,"LB / HEAD, LIVE BASIS"
2022,JUL,6.43,"LB / HEAD, LIVE BASIS"
2022,AUG,6.48,"LB / HEAD, LIVE BASIS"
2022,SEP,6.57,"LB / HEAD, LIVE BASIS"
2022,OCT,6.65,"LB / HEAD, LIVE BASIS"
2022,NOV,6.58,"LB / HEAD, LIVE BASIS"
2022,DEC,6.57,"LB / HEAD, LIVE BASIS"
2021,JAN,6.43,"LB / HEAD, LIVE BASIS"
2021,FEB,6.39,"LB / HEAD, LIVE BASIS"
2021,MAR,6.39,"LB / HEAD, LIVE BASIS"
2021,APR,6.44,"LB / HEAD, LIVE BASIS"
2021,MAY,6.47,"LB / HEAD, LIVE BASIS"
2021,JUN,6.48,"LB / HEAD, LIVE BASIS"
2021,JUL,6.47,"LB / HEAD, LIVE BASIS"
2021,AUG,6.47,"LB / HEAD, LIVE BASIS"
2021,SEP,6.55,"LB / HEAD, LIVE BASIS"
2021,OCT,6.56,"LB / HEAD, LIVE BASIS"
2021,NOV,6.48,"LB / HEAD, LIVE BASIS"
2021,DEC,6.41,"LB / HEAD, LIVE BASIS"
2020,JAN,6.41,"LB / HEAD, LIVE BASIS"
2020,FEB,6.34,"LB / HEAD, LIVE BASIS"
2020,MAR,6.33,"LB / HEAD, LIVE BASIS"
2020,APR,6.37,"LB / HEAD, LIVE BASIS"
2020,MAY,6.46,"LB / HEAD, LIVE BASIS"
2020,JUN,6.48,"LB / HEAD, LIVE BASIS"
2020,JUL,6.33,"LB / HEAD, LIVE BASIS"
2020,AUG,6.43,"LB / HEAD, LIVE BASIS"
2020,SEP,6.51,"LB / HEAD, LIVE BASIS"
2020,OCT,6.48,"LB / HEAD, LIVE BASIS"
2020,NOV,6.42,"LB / HEAD, LIVE BASIS"
2020,DEC,6.42,"LB / HEAD, LIVE BASIS"
2019,JAN,6.26,"LB / HEAD, LIVE BASIS"
2019,FEB,6.21,"LB / HEAD, LIVE BASIS"
2019,MAR,6.2,"LB / HEAD, LIVE BASIS"
2019,APR,6.29,"LB / HEAD, LIVE BASIS"
2019,MAY,6.33,"LB / HEAD, LIVE BASIS"
2019,JUN,6.33,"LB / HEAD, LIVE BASIS"
2019,JUL,6.32,"LB / HEAD, LIVE BASIS"
2019,AUG,6.35,"LB / HEAD, LIVE BASIS"
2019,SEP,6.38,"LB / HEAD, LIVE BASIS"
2019,OCT,6.41,"LB / HEAD, LIVE BASIS"
2019,NOV,6.39,"LB / HEAD, LIVE BASIS"
2019,DEC,6.4,"LB / HEAD, LIVE BASIS"
2018,JAN,6.26,"LB / HEAD, LIVE BASIS"
2018,FEB,6.23,"LB / HEAD, LIVE BASIS"
2018,MAR,6.24,"LB / HEAD, LIVE BASIS"
2018,APR,6.27,"LB / HEAD, LIVE BASIS"
2018,MAY,6.25,"LB / HEAD, LIVE BASIS"
2018,JUN,6.22,"LB / HEAD, LIVE BASIS"
2018,JUL,6.21,"LB / HEAD, LIVE BASIS"
2018,AUG,6.29,"LB / HEAD, LIVE BASIS"
2018,SEP,6.31,"LB / HEAD, LIVE BASIS"
2018,OCT,6.33,"LB / HEAD, LIVE BASIS"
2018,NOV,6.29,"LB / HEAD, LIVE BASIS"
2018,DEC,6.22,"LB / HEAD, LIVE BASIS"
2017,JAN,6.19,"LB / HEAD, LIVE BASIS"
2017,FEB,6.15,"LB / HEAD, LIVE BASIS"
2017,MAR,6.16,"LB / HEAD, LIVE BASIS"
2017,APR,6.18,"LB / HEAD, LIVE BASIS"
2017,MAY,6.18,"LB / HEAD, LIVE BASIS"
2017,JUN,6.16,"LB / HEAD, LIVE BASIS"
2017,JUL,6.14,"LB / HEAD, LIVE BASIS"
2017,AUG,6.18,"LB / HEAD, LIVE BASIS"
2017,SEP,6.25,"LB / HEAD, LIVE BASIS"
2017,OCT,6.29,"LB / HEAD, LIVE BASIS"
2017,NOV,6.27,"LB / HEAD, LIVE BASIS"
2017,DEC,6.27,"LB / HEAD, LIVE BASIS"
2016,JAN,6.19,"LB / HEAD, LIVE BASIS"
2016,FEB,6.17,"LB / HEAD, LIVE BASIS"
2016,MAR,6.15,"LB / HEAD, LIVE BASIS"
2016,APR,6.19,"LB / HEAD, LIVE BASIS"
2016,MAY,6.17,"LB / HEAD, LIVE BASIS"
2016,JUN,6.14,"LB / HEAD, LIVE BASIS"
2016,JUL,6.09,"LB / HEAD, LIVE BASIS"
2016,AUG,6.09,"LB / HEAD, LIVE BASIS"
2016,SEP,6.15,"LB / HEAD, LIVE BASIS"
2016,OCT,6.2,"LB / HEAD, LIVE BASIS"
2016,NOV,6.21,"LB / HEAD, LIVE BASIS"
2016,DEC,6.19,"LB / HEAD, LIVE BASIS"
2015,JAN,6.11,"LB / HEAD, LIVE BASIS"
2015,FEB,6.08,"LB / HEAD, LIVE BASIS"
2015,MAR,6.06,"LB / HEAD, LIVE BASIS"
2015,APR,6.11,"LB / HEAD, LIVE BASIS"
2015,MAY,6.11,"LB / HEAD, LIVE BASIS"
2015,JUN,6.09,"LB / HEAD, LIVE BASIS"
2015,JUL,6.05,"LB / HEAD, LIVE BASIS"
2015,AUG,6.12,"LB / HEAD, LIVE BASIS"
2015,SEP,6.18,"LB / HEAD, LIVE BASIS"
2015,OCT,6.19,"LB / HEAD, LIVE BASIS"
2015,NOV,6.17,"LB / HEAD, LIVE BASIS"
2015,DEC,6.14,"LB / HEAD, LIVE BASIS"
2014,JAN,5.99,"LB / HEAD, LIVE BASIS"
2014,FEB,6.0,"LB / HEAD, LIVE BASIS"
2014,MAR,5.97,"LB / HEAD, LIVE BASIS"
2014,APR,5.98,"LB / HEAD, LIVE BASIS"
2014,MAY,5.96,"LB / HEAD, LIVE BASIS"
2014,JUN,5.98,"LB / HEAD, LIVE BASIS"
2014,JUL,5.95,"LB / HEAD, LIVE BASIS"
2014,AUG,5.98,"LB / HEAD, LIVE BASIS"
2014,SEP,5.99,"LB / HEAD, LIVE BASIS"
2014,OCT,6.07,"LB / HEAD, LIVE BASIS"
2014,NOV,6.07,"LB / HEAD, LIVE BASIS"
2014,DEC,6.09,"LB / HEAD, LIVE BASIS"
2013,JAN,5.91,"LB / HEAD, LIVE BASIS"
2013,FEB,5.9,"LB / HEAD, LIVE BASIS"
2013,MAR,5.87,"LB / HEAD, LIVE BASIS"
2013,APR,5.89,"LB / HEAD, LIVE BASIS"
2013,MAY,5.87,"LB / HEAD, LIVE BASIS"
2013,JUN,5.88,"LB / HEAD, LIVE BASIS"
2013,JUL,5.84,"LB / HEAD, LIVE BASIS"
2013,AUG,5.9,"LB / HEAD, LIVE BASIS"
2013,SEP,5.95,"LB / HEAD, LIVE BASIS"
2013,OCT,6.0,"LB / HEAD, LIVE BASIS"
2013,NOV,6.01,"LB / HEAD, LIVE BASIS"
2013,DEC,5.98,"LB / HEAD, LIVE BASIS"
2012,JAN,5.83,"LB / HEAD, LIVE BASIS"
2012,FEB,5.83,"LB / HEAD, LIVE BASIS"
2012,MAR,5.8,"LB / HEAD, LIVE BASIS"
2012,APR,5.82,"LB / HEAD, LIVE BASIS"
2012,MAY,5.82,"LB / HEAD, LIVE BASIS"
2012,JUN,5.85,"LB / HEAD, LIVE BASIS"
2012,JUL,5.77,"LB / HEAD, LIVE BASIS"
2012,AUG,5.81,"LB / HEAD, LIVE BASIS"
2012,SEP,5.88,"LB / HEAD, LIVE BASIS"
2012,OCT,5.94,"LB / HEAD, LIVE BASIS"
2012,NOV,5.95,"LB / HEAD, LIVE BASIS"
2012,DEC,5.9,"LB / HEAD, LIVE BASIS"
2011,JAN,5.85,"LB / HEAD, LIVE BASIS"
2011,FEB,5.76,"LB / HEAD, LIVE BASIS"
2011,MAR,5.75,"LB / HEAD, LIVE BASIS"
2011,APR,5.75,"LB / HEAD, LIVE BASIS"
2011,MAY,5.81,"LB / HEAD, LIVE BASIS"
2011,JUN,5.81,"LB / HEAD, LIVE BASIS"
2011,JUL,5.77,"LB / HEAD, LIVE BASIS"
2011,AUG,5.78,"LB / HEAD, LIVE BASIS"
2011,SEP,5.87,"LB / HEAD, LIVE BASIS"
2011,OCT,5.88,"LB / HEAD, LIVE BASIS"
2011,NOV,5.82,"LB / HEAD, LIVE BASIS"
2011,DEC,5.78,"LB / HEAD, LIVE BASIS"
2010,JAN,5.63,"LB / HEAD, LIVE BASIS"
2010,FEB,5.62,"LB / HEAD, LIVE BASIS"
2010,MAR,5.63,"LB / HEAD, LIVE BASIS"
2010,APR,5.68,"LB / HEAD, LIVE BASIS"
2010,MAY,5.71,"LB / HEAD, LIVE BASIS"
2010,JUN,5.63,"LB / HEAD, LIVE BASIS"
2010,JUL,5.6,"LB / HEAD, LIVE BASIS"
2010,AUG,5.57,"LB / HEAD, LIVE BASIS"
2010,SEP,5.74,"LB / HEAD, LIVE BASIS"
2010,OCT,5.87,"LB / HEAD, LIVE BASIS"
2010,NOV,5.88,"LB / HEAD, LIVE BASIS"
2010,DEC,5.85,"LB / HEAD, LIVE BASIS"
2009,JAN,5.56,"LB / HEAD, LIVE BASIS"
2009,FEB,5.55,"LB / HEAD, LIVE BASIS"
2009,MAR,5.55,"LB / HEAD, LIVE BASIS"
2009,APR,5.58,"LB / HEAD, LIVE BASIS"
2009,MAY,5.59,"LB / HEAD, LIVE BASIS"
2009,JUN,5.54,"LB / HEAD, LIVE BASIS"
2009,JUL,5.55,"LB / HEAD, LIVE BASIS"
2009,AUG,5.56,"LB / HEAD, LIVE BASIS"
2009,SEP,5.62,"LB / HEAD, LIVE BASIS"
2009,OCT,5.67,"LB / HEAD, LIVE BASIS"
2009,NOV,5.68,"LB / HEAD, LIVE BASIS"
2009,DEC,5.65,"LB / HEAD, LIVE BASIS"
2008,JAN,5.57,"LB / HEAD, LIVE BASIS"
2008,FEB,5.54,"LB / HEAD, LIVE BASIS"
2008,MAR,5.56,"LB / HEAD, LIVE BASIS"
2008,APR,5.6,"LB / HEAD, LIVE BASIS"
2008,MAY,5.6,"LB / HEAD, LIVE BASIS"
2008,JUN,5.56,"LB / HEAD, LIVE BASIS"
2008,JUL,5.55,"LB / HEAD, LIVE BASIS"
2008,AUG,5.58,"LB / HEAD, LIVE BASIS"
2008,SEP,5.63,"LB / HEAD, LIVE BASIS"
2008,OCT,5.66,"LB / HEAD, LIVE BASIS"
2008,NOV,5.61,"LB / HEAD, LIVE BASIS"
2008,DEC,5.56,"LB / HEAD, LIVE BASIS"
2007,JAN,5.5,"LB / HEAD, LIVE BASIS"
2007,FEB,5.44,"LB / HEAD, LIVE BASIS"
2007,MAR,5.46,"LB / HEAD, LIVE BASIS"
2007,APR,5.51,"LB / HEAD, LIVE BASIS"
2007,MAY,5.53,"LB / HEAD, LIVE BASIS"
2007,JUN,5.5,"LB / HEAD, LIVE BASIS"
2007,JUL,5.48,"LB / HEAD, LIVE BASIS"
2007,AUG,5.4,"LB / HEAD, LIVE BASIS"
2007,SEP,5.54,"LB / HEAD, LIVE BASIS"
2007,OCT,5.63,"LB / HEAD, LIVE BASIS"
2007,NOV,5.65,"LB / HEAD, LIVE BASIS"
2007,DEC,5.6,"LB / HEAD, LIVE BASIS"
2006,JAN,5.5,"LB / HEAD, LIVE BASIS"
2006,FEB,5.45,"LB / HEAD, LIVE BASIS"
2006,MAR,5.45,"LB / HEAD, LIVE BASIS"
2006,APR,5.47,"LB / HEAD, LIVE BASIS"
2006,MAY,5.5,"LB / HEAD, LIVE BASIS"
2006,JUN,5.46,"LB / HEAD, LIVE BASIS"
2006,JUL,5.39,"LB / HEAD, LIVE BASIS"
2006,AUG,5.37,"LB / HEAD, LIVE BASIS"
2006,SEP,5.53,"LB / HEAD, LIVE BASIS"
2006,OCT,5.59,"LB / HEAD, LIVE BASIS"
2006,NOV,5.53,"LB / HEAD, LIVE BASIS"
2006,DEC,5.49,"LB / HEAD, LIVE BASIS"
2005,JAN,5.37,"LB / HEAD, LIVE BASIS"
2005,FEB,5.33,"LB / HEAD, LIVE BASIS"
2005,MAR,5.31,"LB / HEAD, LIVE BASIS"
2005,APR,5.37,"LB / HEAD, LIVE BASIS"
2005,MAY,5.36,"LB / HEAD, LIVE BASIS"
2005,JUN,5.34,"LB / HEAD, LIVE BASIS"
2005,JUL,5.28,"LB / HEAD, LIVE BASIS"
2005,AUG,5.29,"LB / HEAD, LIVE BASIS"
2005,SEP,5.41,"LB / HEAD, LIVE BASIS"
2005,OCT,5.51,"LB / HEAD, LIVE BASIS"
2005,NOV,5.49,"LB / HEAD, LIVE BASIS"
2005,DEC,5.48,"LB / HEAD, LIVE BASIS"
2004,JAN,5.31,"LB / HEAD, LIVE BASIS"
2004,FEB,5.18,"LB / HEAD, LIVE BASIS"
2004,MAR,5.18,"LB / HEAD, LIVE BASIS"
2004,APR,5.24,"LB / HEAD, LIVE BASIS"
2004,MAY,5.24,"LB / HEAD, LIVE BASIS"
2004,JUN,5.26,"LB / HEAD, LIVE BASIS"
2004,JUL,5.24,"LB / HEAD, LIVE BASIS"
2004,AUG,5.26,"LB / HEAD, LIVE BASIS"
2004,SEP,5.35,"LB / HEAD, LIVE BASIS"
2004,OCT,5.39,"LB / HEAD, LIVE BASIS"
2004,NOV,5.32,"LB / HEAD, LIVE BASIS"
2004,DEC,5.31,"LB / HEAD, LIVE BASIS"
2003,JAN,5.19,"LB / HEAD, LIVE BASIS"
2003,FEB,5.19,"LB / HEAD, LIVE BASIS"
2003,MAR,5.14,"LB / HEAD, LIVE BASIS"
2003,APR,5.18,"LB / HEAD, LIVE BASIS"
2003,MAY,5.2,"LB / HEAD, LIVE BASIS"
2003,JUN,5.23,"LB / HEAD, LIVE BASIS"
2003,JUL,5.13,"LB / HEAD, LIVE BASIS"
2003,AUG,5.15,"LB / HEAD, LIVE BASIS"
2003,SEP,5.21,"LB / HEAD, LIVE BASIS"
2003,OCT,5.28,"LB / HEAD, LIVE BASIS"
2003,NOV,5.23,"LB / HEAD, LIVE BASIS"
2003,DEC,5.26,"LB / HEAD, LIVE BASIS"
2002,JAN,5.12,"LB / HEAD, LIVE BASIS"
2002,FEB,5.09,"LB / HEAD, LIVE BASIS"
2002,MAR,5.1,"LB / HEAD, LIVE BASIS"
2002,APR,5.09,"LB / HEAD, LIVE BASIS"
2002,MAY,5.13,"LB / HEAD, LIVE BASIS"
2002,JUN,5.11,"LB / HEAD, LIVE BASIS"
2002,JUL,5.07,"LB / HEAD, LIVE BASIS"
2002,AUG,5.06,"LB / HEAD, LIVE BASIS"
2002,SEP,5.12,"LB / HEAD, LIVE BASIS"
2002,OCT,5.18,"LB / HEAD, LIVE BASIS"
2002,NOV,5.16,"LB / HEAD, LIVE BASIS"
2002,DEC,5.21,"LB / HEAD, LIVE BASIS"
2001,JAN,5.03,"LB / HEAD, LIVE BASIS"
2001,FEB,5.02,"LB / HEAD, LIVE BASIS"
2001,MAR,5.02,"LB / HEAD, LIVE BASIS"
2001,APR,5.05,"LB / HEAD, LIVE BASIS"
2001,MAY,5.08,"LB / HEAD, LIVE BASIS"
2001,JUN,5.03,"LB / HEAD, LIVE BASIS"
2001,JUL,4.96,"LB / HEAD, LIVE BASIS"
2001,AUG,4.96,"LB / HEAD, LIVE BASIS"
2001,SEP,5.06,"LB / HEAD, LIVE BASIS"
2001,OCT,5.09,"LB / HEAD, LIVE BASIS"
2001,NOV,5.09,"LB / HEAD, LIVE BASIS"
2001,DEC,5.13,"LB / HEAD, LIVE BASIS"
2000,JAN,5.04,"LB / HEAD, LIVE BASIS"
2000,FEB,5.03,"LB / HEAD, LIVE BASIS"
2000,MAR,5.0,"LB / HEAD, LIVE BASIS"
2000,APR,5.01,"LB / HEAD, LIVE BASIS"
2000,MAY,4.97,"LB / HEAD, LIVE BASIS"
2000,JUN,4.97,"LB / HEAD, LIVE BASIS"
2000,JUL,4.96,"LB / HEAD, LIVE BASIS"
2000,AUG,4.94,"LB / HEAD, LIVE BASIS"
2000,SEP,4.98,"LB / HEAD, LIVE BASIS"
2000,OCT,5.04,"LB / HEAD, LIVE BASIS"
2000,NOV,5.08,"LB / HEAD, LIVE BASIS"
2000,DEC,5.06,"LB / HEAD, LIVE BASIS"
1999,JAN,5.0,"LB / HEAD, LIVE BASIS"
1999,FEB,5.0,"LB / HEAD, LIVE BASIS"
1999,MAR,5.03,"LB / HEAD, LIVE BASIS"
1999,APR,5.01,"LB / HEAD, LIVE BASIS"
1999,MAY,5.04,"LB / HEAD, LIVE BASIS"
1999,JUN,5.0,"LB / HEAD, LIVE BASIS"
1999,JUL,4.89,"LB / HEAD, LIVE BASIS"
1999,AUG,4.83,"LB / HEAD, LIVE BASIS"
1999,SEP,4.98,"LB / HEAD, LIVE BASIS"
1999,OCT,5.05,"LB / HEAD, LIVE BASIS"
1999,NOV,5.02,"LB / HEAD, LIVE BASIS"
1999,DEC,5.04,"LB / HEAD, LIVE BASIS"
1998,JAN,4.84,"LB / HEAD, LIVE BASIS"
1998,FEB,4.83,"LB / HEAD, LIVE BASIS"
1998,MAR,4.9,"LB / HEAD, LIVE BASIS"
1998,APR,4.93,"LB / HEAD, LIVE BASIS"
1998,MAY,4.86,"LB / HEAD, LIVE BASIS"
1998,JUN,4.78,"LB / HEAD, LIVE BASIS"
1998,JUL,4.69,"LB / HEAD, LIVE BASIS"
1998,AUG,4.76,"LB / HEAD, LIVE BASIS"
1998,SEP,4.85,"LB / HEAD, LIVE BASIS"
1998,OCT,4.93,"LB / HEAD, LIVE BASIS"
1998,NOV,5.0,"LB / HEAD, LIVE BASIS"
1998,DEC,4.98,"LB / HEAD, LIVE BASIS"
1997,JAN,4.87,"LB / HEAD, LIVE BASIS"
1997,FEB,4.85,"LB / HEAD, LIVE BASIS"
1997,MAR,4.83,"LB / HEAD, LIVE BASIS"
1997,APR,4.86,"LB / HEAD, LIVE BASIS"
1997,MAY,4.82,"LB / HEAD, LIVE BASIS"
1997,JUN,4.78,"LB / HEAD, LIVE BASIS"
1997,JUL,4.69,"LB / HEAD, LIVE BASIS"
1997,AUG,4.68,"LB / HEAD, LIVE BASIS"
1997,SEP,4.82,"LB / HEAD, LIVE BASIS"
1997,OCT,4.84,"LB / HEAD, LIVE BASIS"
1997,NOV,4.88,"LB / HEAD, LIVE BASIS"
1997,DEC,4.86,"LB / HEAD, LIVE BASIS"
1996,JAN,4.85,"LB / HEAD, LIVE BASIS"
1996,FEB,4.81,"LB / HEAD, LIVE BASIS"
1996,MAR,4.8,"LB / HEAD, LIVE BASIS"
1996,APR,4.82,"LB / HEAD, LIVE BASIS"
1996,MAY,4.75,"LB / HEAD, LIVE BASIS"
1996,JUN,4.73,"LB / HEAD, LIVE BASIS"
1996,JUL,4.67,"LB / HEAD, LIVE BASIS"
1996,AUG,4.72,"LB / HEAD, LIVE BASIS"
1996,SEP,4.79,"LB / HEAD, LIVE BASIS"
1996,OCT,4.82,"LB / HEAD, LIVE BASIS"
1996,NOV,4.82,"LB / HEAD, LIVE BASIS"
1996,DEC,4.84,"LB / HEAD, LIVE BASIS"
1995,JAN,4.68,"LB / HEAD, LIVE BASIS"
1995,FEB,4.66,"LB / HEAD, LIVE BASIS"
1995,MAR,4.65,"LB / HEAD, LIVE BASIS"
1995,APR,4.69,"LB / HEAD, LIVE BASIS"
1995,MAY,4.66,"LB / HEAD, LIVE BASIS"
1995,JUN,4.65,"LB / HEAD, LIVE BASIS"
1995,JUL,4.56,"LB / HEAD, LIVE BASIS"
1995,AUG,4.49,"LB / HEAD, LIVE BASIS"
1995,SEP,4.65,"LB / HEAD, LIVE BASIS"
1995,OCT,4.77,"LB / HEAD, LIVE BASIS"
1995,NOV,4.78,"LB / HEAD, LIVE BASIS"
1995,DEC,4.81,"LB / HEAD, LIVE BASIS"
1994,JAN,4.67,"LB / HEAD, LIVE BASIS"
1994,FEB,4.65,"LB / HEAD, LIVE BASIS"
1994,MAR,4.66,"LB / HEAD, LIVE BASIS"
1994,APR,4.65,"LB / HEAD, LIVE BASIS"
1994,MAY,4.63,"LB / HEAD, LIVE BASIS"
1994,JUN,4.54,"LB / HEAD, LIVE BASIS"
1994,JUL,4.52,"LB / HEAD, LIVE BASIS"
1994,AUG,4.59,"LB / HEAD, LIVE BASIS"
1994,SEP,4.66,"LB / HEAD, LIVE BASIS"
1994,OCT,4.72,"LB / HEAD, LIVE BASIS"
1994,NOV,4.71,"LB / HEAD, LIVE BASIS"
1994,DEC,4.69,"LB / HEAD, LIVE BASIS"
1993,JAN,4.6,"LB / HEAD, LIVE BASIS"
1993,FEB,4.56,"LB / HEAD, LIVE BASIS"
1993,MAR,4.57,"LB / HEAD, LIVE BASIS"
1993,APR,4.61,"LB / HEAD, LIVE BASIS"
1993,MAY,4.61,"LB / HEAD, LIVE BASIS"
1993,JUN,4.56,"LB / HEAD, LIVE BASIS"
1993,JUL,4.41,"LB / HEAD, LIVE BASIS"
1993,AUG,4.44,"LB / HEAD, LIVE BASIS"
1993,SEP,4.54,"LB / HEAD, LIVE BASIS"
1993,OCT,4.63,"LB / HEAD, LIVE BASIS"
1993,NOV,4.63,"LB / HEAD, LIVE BASIS"
1993,DEC,4.64,"LB / HEAD, LIVE BASIS"
1992,JAN,4.54,"LB / HEAD, LIVE BASIS"
1992,FEB,4.51,"LB / HEAD, LIVE BASIS"
1992,MAR,4.52,"LB / HEAD, LIVE BASIS"
1992,APR,4.52,"LB / HEAD, LIVE BASIS"
1992,MAY,4.54,"LB / HEAD, LIVE BASIS"
1992,JUN,4.51,"LB / HEAD, LIVE BASIS"
1992,JUL,4.38,"LB / HEAD, LIVE BASIS"
1992,AUG,4.45,"LB / HEAD, LIVE BASIS"
1992,SEP,4.53,"LB / HEAD, LIVE BASIS"
1992,OCT,4.57,"LB / HEAD, LIVE BASIS"
1992,NOV,4.57,"LB / HEAD, LIVE BASIS"
1992,DEC,4.59,"LB / HEAD, LIVE BASIS"
1991,JAN,4.45,"LB / HEAD, LIVE BASIS"
1991,FEB,4.43,"LB / HEAD, LIVE BASIS"
1991,MAR,4.44,"LB / HEAD, LIVE BASIS"
1991,APR,4.45,"LB / HEAD, LIVE BASIS"
1991,MAY,4.41,"LB / HEAD, LIVE BASIS"
1991,JUN,4.4,"LB / HEAD, LIVE BASIS"
1991,JUL,4.32,"LB / HEAD, LIVE BASIS"
1991,AUG,4.36,"LB / HEAD, LIVE BASIS"
1991,SEP,4.41,"LB / HEAD, LIVE BASIS"
1991,OCT,4.52,"LB / HEAD, LIVE BASIS"
1991,NOV,4.51,"LB / HEAD, LIVE BASIS"
1991,DEC,4.52,"LB / HEAD, LIVE BASIS"
1990,JAN,4.42,"LB / HEAD, LIVE BASIS"
1990,FEB,4.4,"LB / HEAD, LIVE BASIS"
1990,MAR,4.38,"LB / HEAD, LIVE BASIS"
1990,APR,4.4,"LB / HEAD, LIVE BASIS"
1990,MAY,4.4,"LB / HEAD, LIVE BASIS"
1990,JUN,4.33,"LB / HEAD, LIVE BASIS"
1990,JUL,4.27,"LB / HEAD, LIVE BASIS"
1990,AUG,4.3,"LB / HEAD, LIVE BASIS"
1990,SEP,4.36,"LB / HEAD, LIVE BASIS"
1990,OCT,4.47,"LB / HEAD, LIVE BASIS"
1990,NOV,4.45,"LB / HEAD, LIVE BASIS"
1990,DEC,4.44,"LB / HEAD, LIVE BASIS"
1989,JAN,4.37,"LB / HEAD, LIVE BASIS"
1989,FEB,4.34,"LB / HEAD, LIVE BASIS"
1989,MAR,4.36,"LB / HEAD, LIVE BASIS"
1989,APR,4.37,"LB / HEAD, LIVE BASIS"
1989,MAY,4.35,"LB / HEAD, LIVE BASIS"
1989,JUN,4.31,"LB / HEAD, LIVE BASIS"
1989,JUL,4.28,"LB / HEAD, LIVE BASIS"
1989,AUG,4.28,"LB / HEAD, LIVE BASIS"
1989,SEP,4.35,"LB / HEAD, LIVE BASIS"
1989,OCT,4.41,"LB / HEAD, LIVE BASIS"
1989,NOV,4.43,"LB / HEAD, LIVE BASIS"
1989,DEC,4.43,"LB / HEAD, LIVE BASIS"
1988,JAN,4.4,"LB / HEAD, LIVE BASIS"
1988,FEB,4.34,"LB / HEAD, LIVE BASIS"
1988,MAR,4.32,"LB / HEAD, LIVE BASIS"
1988,APR,4.33,"LB / HEAD, LIVE BASIS"
1988,MAY,4.31,"LB / HEAD, LIVE BASIS"
1988,JUN,4.29,"LB / HEAD, LIVE BASIS"
1988,JUL,4.19,"LB / HEAD, LIVE BASIS"
1988,AUG,4.15,"LB / HEAD, LIVE BASIS"
1988,SEP,4.29,"LB / HEAD, LIVE BASIS"
1988,OCT,4.38,"LB / HEAD, LIVE BASIS"
1988,NOV,4.35,"LB / HEAD, LIVE BASIS"
1988,DEC,4.37,"LB / HEAD, LIVE BASIS"
1987,JAN,4.35,"LB / HEAD, LIVE BASIS"
1987,FEB,4.3,"LB / HEAD, LIVE BASIS"
1987,MAR,4.33,"LB / HEAD, LIVE BASIS"
1987,APR,4.31,"LB / HEAD, LIVE BASIS"
1987,MAY,4.3,"LB / HEAD, LIVE BASIS"
1987,JUN,4.27,"LB / HEAD, LIVE BASIS"
1987,JUL,4.18,"LB / HEAD, LIVE BASIS"
1987,AUG,4.18,"LB / HEAD, LIVE BASIS"
1987,SEP,4.27,"LB / HEAD, LIVE BASIS"
1987,OCT,4.37,"LB / HEAD, LIVE BASIS"
1987,NOV,4.3,"LB / HEAD, LIVE BASIS"
1987,DEC,4.38,"LB / HEAD, LIVE BASIS"
1986,JAN,4.3,"LB / HEAD, LIVE BASIS"
1986,FEB,4.3,"LB / HEAD, LIVE BASIS"
1986,MAR,4.3,"LB / HEAD, LIVE BASIS"
1986,APR,4.31,"LB / HEAD, LIVE BASIS"
1986,MAY,4.24,"LB / HEAD, LIVE BASIS"
1986,JUN,4.18,"LB / HEAD, LIVE BASIS"
1986,JUL,4.11,"LB / HEAD, LIVE BASIS"
1986,AUG,4.13,"LB / HEAD, LIVE BASIS"
1986,SEP,4.3,"LB / HEAD, LIVE BASIS"
1986,OCT,4.24,"LB / HEAD, LIVE BASIS"
1986,NOV,4.27,"LB / HEAD, LIVE BASIS"
1986,DEC,4.25,"LB / HEAD, LIVE BASIS"
1985,JAN,4.22,"LB / HEAD, LIVE BASIS"
1985,FEB,4.2,"LB / HEAD, LIVE BASIS"
1985,MAR,4.2,"LB / HEAD, LIVE BASIS"
1985,APR,4.25,"LB / HEAD, LIVE BASIS"
1985,MAY,4.22,"LB / HEAD, LIVE BASIS"
1985,JUN,4.17,"LB / HEAD, LIVE BASIS"
1985,JUL,4.14,"LB / HEAD, LIVE BASIS"
1985,AUG,4.12,"LB / HEAD, LIVE BASIS"
1985,SEP,4.19,"LB / HEAD, LIVE BASIS"
1985,OCT,4.23,"LB / HEAD, LIVE BASIS"
1985,NOV,4.2,"LB / HEAD, LIVE BASIS"
1985,DEC,4.29,"LB / HEAD, LIVE BASIS"
1984,JAN,4.15,"LB / HEAD, LIVE BASIS"
1984,FEB,4.19,"LB / HEAD, LIVE BASIS"
1984,MAR,4.17,"LB / HEAD, LIVE BASIS"
1984,APR,4.2,"LB / HEAD, LIVE BASIS"
1984,MAY,4.18,"LB / HEAD, LIVE BASIS"
1984,JUN,4.14,"LB / HEAD, LIVE BASIS"
1984,JUL,4.13,"LB / HEAD, LIVE BASIS"
1984,AUG,4.12,"LB / HEAD, LIVE BASIS"
1984,SEP,4.17,"LB / HEAD, LIVE BASIS"
1984,OCT,4.21,"LB / HEAD, LIVE BASIS"
1984,NOV,4.22,"LB / HEAD, LIVE BASIS"
1984,DEC,4.21,"LB / HEAD, LIVE BASIS"
1983,JAN,4.12,"LB / HEAD, LIVE BASIS"
1983,FEB,4.09,"LB / HEAD, LIVE BASIS"
1983,MAR,4.11,"LB / HEAD, LIVE BASIS"
1983,APR,4.16,"LB / HEAD, LIVE BASIS"
1983,MAY,4.15,"LB / HEAD, LIVE BASIS"
1983,JUN,4.12,"LB / HEAD, LIVE BASIS"
1983,JUL,4.01,"LB / HEAD, LIVE BASIS"
1983,AUG,3.99,"LB / HEAD, LIVE BASIS"
1983,SEP,4.06,"LB / HEAD, LIVE BASIS"
1983,OCT,4.15,"LB / HEAD, LIVE BASIS"
1983,NOV,4.13,"LB / HEAD, LIVE BASIS"
1983,DEC,4.14,"LB / HEAD, LIVE BASIS"
1982,JAN,4.07,"LB / HEAD, LIVE BASIS"
1982,FEB,4.02,"LB / HEAD, LIVE BASIS"
1982,MAR,4.04,"LB / HEAD, LIVE BASIS"
1982,APR,4.08,"LB / HEAD, LIVE BASIS"
1982,MAY,4.07,"LB / HEAD, LIVE BASIS"
1982,JUN,4.05,"LB / HEAD, LIVE BASIS"
1982,JUL,4.0,"LB / HEAD, LIVE BASIS"
1982,AUG,4.01,"LB / HEAD, LIVE BASIS"
1982,SEP,4.07,"LB / HEAD, LIVE BASIS"
1982,OCT,4.12,"LB / HEAD, LIVE BASIS"
1982,NOV,4.11,"LB / HEAD, LIVE BASIS"
1982,DEC,4.11,"LB / HEAD, LIVE BASIS"
1981,JAN,4.05,"LB / HEAD, LIVE BASIS"
1981,FEB,4.01,"LB / HEAD, LIVE BASIS"
1981,MAR,4.04,"LB / HEAD, LIVE BASIS"
1981,APR,4.02,"LB / HEAD, LIVE BASIS"
1981,MAY,4.05,"LB / HEAD, LIVE BASIS"
1981,JUN,3.94,"LB / HEAD, LIVE BASIS"
1981,JUL,3.9,"LB / HEAD, LIVE BASIS"
1981,AUG,3.99,"LB / HEAD, LIVE BASIS"
1981,SEP,4.1,"LB / HEAD, LIVE BASIS"
1981,OCT,4.06,"LB / HEAD, LIVE BASIS"
1981,NOV,4.11,"LB / HEAD, LIVE BASIS"
1981,DEC,4.09,"LB / HEAD, LIVE BASIS"
1980,JAN,4.03,"LB / HEAD, LIVE BASIS"
1980,FEB,3.96,"LB / HEAD, LIVE BASIS"
1980,MAR,3.98,"LB / HEAD, LIVE BASIS"
1980,APR,4.02,"LB / HEAD, LIVE BASIS"
1980,MAY,3.99,"LB / HEAD, LIVE BASIS"
1980,JUN,3.97,"LB / HEAD, LIVE BASIS"
1980,JUL,3.79,"LB / HEAD, LIVE BASIS"
1980,AUG,3.82,"LB / HEAD, LIVE BASIS"
1980,SEP,3.98,"LB / HEAD, LIVE BASIS"
1980,OCT,4.05,"LB / HEAD, LIVE BASIS"
1980,NOV,4.0,"LB / HEAD, LIVE BASIS"
1980,DEC,4.04,"LB / HEAD, LIVE BASIS"
1979,JAN,3.95,"LB / HEAD, LIVE BASIS"
1979,FEB,3.9,"LB / HEAD, LIVE BASIS"
1979,MAR,3.92,"LB / HEAD, LIVE BASIS"
1979,APR,3.93,"LB / HEAD, LIVE BASIS"
1979,MAY,3.92,"LB / HEAD, LIVE BASIS"
1979,JUN,3.93,"LB / HEAD, LIVE BASIS"
1979,JUL,3.91,"LB / HEAD, LIVE BASIS"
1979,AUG,3.91,"LB / HEAD, LIVE BASIS"
1979,SEP,4.04,"LB / HEAD, LIVE BASIS"
1979,OCT,4.05,"LB / HEAD, LIVE BASIS"
1979,NOV,4.02,"LB / HEAD, LIVE BASIS"
1979,DEC,4.05,"LB / HEAD, LIVE BASIS"
1978,JAN,3.93,"LB / HEAD, LIVE BASIS"
1978,FEB,3.88,"LB / HEAD, LIVE BASIS"
1978,MAR,3.88,"LB / HEAD, LIVE BASIS"
1978,APR,3.94,"LB / HEAD, LIVE BASIS"
1978,MAY,3.91,"LB / HEAD, LIVE BASIS"
1978,JUN,3.83,"LB / HEAD, LIVE BASIS"
1978,JUL,3.8,"LB / HEAD, LIVE BASIS"
1978,AUG,3.86,"LB / HEAD, LIVE BASIS"
1978,SEP,3.93,"LB / HEAD, LIVE BASIS"
1978,OCT,4.0,"LB / HEAD, LIVE BASIS"
1978,NOV,3.94,"LB / HEAD, LIVE BASIS"
1978,DEC,3.96,"LB / HEAD, LIVE BASIS"
1977,JAN,3.89,"LB / HEAD, LIVE BASIS"
1977,FEB,3.8,"LB / HEAD, LIVE BASIS"
1977,MAR,3.83,"LB / HEAD, LIVE BASIS"
1977,APR,3.85,"LB / HEAD, LIVE BASIS"
1977,MAY,3.85,"LB / HEAD, LIVE BASIS"
1977,JUN,3.8,"LB / HEAD, LIVE BASIS"
1977,JUL,3.73,"LB / HEAD, LIVE BASIS"
1977,AUG,3.79,"LB / HEAD, LIVE BASIS"
1977,SEP,3.88,"LB / HEAD, LIVE BASIS"
1977,OCT,3.93,"LB / HEAD, LIVE BASIS"
1977,NOV,3.88,"LB / HEAD, LIVE BASIS"
1977,DEC,3.95,"LB / HEAD, LIVE BASIS"
1976,JAN,3.86,"LB / HEAD, LIVE BASIS"
1976,FEB,3.83,"LB / HEAD, LIVE BASIS"
1976,MAR,3.85,"LB / HEAD, LIVE BASIS"
1976,APR,3.81,"LB / HEAD, LIVE BASIS"
1976,MAY,3.82,"LB / HEAD, LIVE BASIS"
1976,JUN,3.81,"LB / HEAD, LIVE BASIS"
1976,JUL,3.77,"LB / HEAD, LIVE BASIS"
1976,AUG,3.8,"LB / HEAD, LIVE BASIS"
1976,SEP,3.89,"LB / HEAD, LIVE BASIS"
1976,OCT,3.9,"LB / HEAD, LIVE BASIS"
1976,NOV,3.89,"LB / HEAD, LIVE BASIS"
1976,DEC,3.9,"LB / HEAD, LIVE BASIS"
1975,JAN,3.81,"LB / HEAD, LIVE BASIS"
1975,FEB,3.78,"LB / HEAD, LIVE BASIS"
1975,MAR,3.81,"LB / HEAD, LIVE BASIS"
1975,APR,3.83,"LB / HEAD, LIVE BASIS"
1975,MAY,3.78,"LB / HEAD, LIVE BASIS"
1975,JUN,3.75,"LB / HEAD, LIVE BASIS"
1975,JUL,3.71,"LB / HEAD, LIVE BASIS"
1975,AUG,3.71,"LB / HEAD, LIVE BASIS"
1975,SEP,3.77,"LB / HEAD, LIVE BASIS"
1975,OCT,3.82,"LB / HEAD, LIVE BASIS"
1975,NOV,3.82,"LB / HEAD, LIVE BASIS"
1975,DEC,3.87,"LB / HEAD, LIVE BASIS"
1974,JAN,3.86,"LB / HEAD, LIVE BASIS"
1974,FEB,3.8,"LB / HEAD, LIVE BASIS"
1974,MAR,3.77,"LB / HEAD, LIVE BASIS"
1974,APR,3.83,"LB / HEAD, LIVE BASIS"
1974,MAY,3.84,"LB / HEAD, LIVE BASIS"
1974,JUN,3.84,"LB / HEAD, LIVE BASIS"
1974,JUL,3.79,"LB / HEAD, LIVE BASIS"
1974,AUG,3.79,"LB / HEAD, LIVE BASIS"
1974,SEP,3.86,"LB / HEAD, LIVE BASIS"
1974,OCT,3.87,"LB / HEAD, LIVE BASIS"
1974,NOV,3.84,"LB / HEAD, LIVE BASIS"
1974,DEC,3.88,"LB / HEAD, LIVE BASIS"
1973,JAN,3.78,"LB / HEAD, LIVE BASIS"
1973,FEB,3.72,"LB / HEAD, LIVE BASIS"
1973,MAR,3.72,"LB / HEAD, LIVE BASIS"
1973,APR,3.73,"LB / HEAD, LIVE BASIS"
1973,MAY,3.77,"LB / HEAD, LIVE BASIS"
1973,JUN,3.75,"LB / HEAD, LIVE BASIS"
1973,JUL,3.7,"LB / HEAD, LIVE BASIS"
1973,AUG,3.73,"LB / HEAD, LIVE BASIS"
1973,SEP,3.81,"LB / HEAD, LIVE BASIS"
1973,OCT,3.86,"LB / HEAD, LIVE BASIS"
1973,NOV,3.88,"LB / HEAD, LIVE BASIS"
1973,DEC,3.86,"LB / HEAD, LIVE BASIS"
1972,JAN,3.79,"LB / HEAD, LIVE BASIS"
1972,FEB,3.75,"LB / HEAD, LIVE BASIS"
1972,MAR,3.73,"LB / HEAD, LIVE BASIS"
1972,APR,3.76,"LB / HEAD, LIVE BASIS"
1972,MAY,3.78,"LB / HEAD, LIVE BASIS"
1972,JUN,3.76,"LB / HEAD, LIVE BASIS"
1972,JUL,3.75,"LB / HEAD, LIVE BASIS"
1972,AUG,3.74,"LB / HEAD, LIVE BASIS"
1972,SEP,3.77,"LB / HEAD, LIVE BASIS"
1972,OCT,3.85,"LB / HEAD, LIVE BASIS"
1972,NOV,3.83,"LB / HEAD, LIVE BASIS"
1972,DEC,3.8,"LB / HEAD, LIVE BASIS"
1971,JAN,3.76,"LB / HEAD, LIVE BASIS"
1971,FEB,3.71,"LB / HEAD, LIVE BASIS"
1971,MAR,3.72,"LB / HEAD, LIVE BASIS"
1971,APR,3.73,"LB / HEAD, LIVE BASIS"
1971,MAY,3.7,"LB / HEAD, LIVE BASIS"
1971,JUN,3.68,"LB / HEAD, LIVE BASIS"
1971,JUL,3.64,"LB / HEAD, LIVE BASIS"
1971,AUG,3.7,"LB / HEAD, LIVE BASIS"
1971,SEP,3.73,"LB / HEAD, LIVE BASIS"
1971,OCT,3.76,"LB / HEAD, LIVE BASIS"
1971,NOV,3.82,"LB / HEAD, LIVE BASIS"
1971,DEC,3.83,"LB / HEAD, LIVE BASIS"
1970,JAN,3.74,"LB / HEAD, LIVE BASIS"
1970,FEB,3.66,"LB / HEAD, LIVE BASIS"
1970,MAR,3.66,"LB / HEAD, LIVE BASIS"
1970,APR,3.69,"LB / HEAD, LIVE BASIS"
1970,MAY,3.66,"LB / HEAD, LIVE BASIS"
1970,JUN,3.67,"LB / HEAD, LIVE BASIS"
1970,JUL,3.62,"LB / HEAD, LIVE BASIS"
1970,AUG,3.62,"LB / HEAD, LIVE BASIS"
1970,SEP,3.68,"LB / HEAD, LIVE BASIS"
1970,OCT,3.79,"LB / HEAD, LIVE BASIS"
1970,NOV,3.78,"LB / HEAD, LIVE BASIS"
1970,DEC,3.8,"LB / HEAD, LIVE BASIS"
1969,JAN,3.7,"LB / HEAD, LIVE BASIS"
1969,FEB,3.64,"LB / HEAD, LIVE BASIS"
1969,MAR,3.64,"LB / HEAD, LIVE BASIS"
1969,APR,3.65,"LB / HEAD, LIVE BASIS"
1969,MAY,3.64,"LB / HEAD, LIVE BASIS"
1969,JUN,3.61,"LB / HEAD, LIVE BASIS"
1969,JUL,3.54,"LB / HEAD, LIVE BASIS"
1969,AUG,3.6,"LB / HEAD, LIVE BASIS"
1969,SEP,3.73,"LB / HEAD, LIVE BASIS"
1969,OCT,3.72,"LB / HEAD, LIVE BASIS"
1969,NOV,3.72,"LB / HEAD, LIVE BASIS"
1969,DEC,3.76,"LB / HEAD, LIVE BASIS"
1968,JAN,3.65,"LB / HEAD, LIVE BASIS"
1968,FEB,3.57,"LB / HEAD, LIVE BASIS"
1968,MAR,3.59,"LB / HEAD, LIVE BASIS"
1968,APR,3.63,"LB / HEAD, LIVE BASIS"
1968,MAY,3.62,"LB / HEAD, LIVE BASIS"
1968,JUN,3.56,"LB / HEAD, LIVE BASIS"
1968,JUL,3.54,"LB / HEAD, LIVE BASIS"
1968,AUG,3.52,"LB / HEAD, LIVE BASIS"
1968,SEP,3.67,"LB / HEAD, LIVE BASIS"
1968,OCT,3.71,"LB / HEAD, LIVE BASIS"
1968,NOV,3.68,"LB / HEAD, LIVE BASIS"
1968,DEC,3.72,"LB / HEAD, LIVE BASIS"
1967,JAN,3.65,"LB / HEAD, LIVE BASIS"
1967,FEB,3.6,"LB / HEAD, LIVE BASIS"
1967,MAR,3.58,"LB / HEAD, LIVE BASIS"
1967,APR,3.59,"LB / HEAD, LIVE BASIS"
1967,MAY,3.62,"LB / HEAD, LIVE BASIS"
1967,JUN,3.56,"LB / HEAD, LIVE BASIS"
1967,JUL,3.56,"LB / HEAD, LIVE BASIS"
1967,AUG,3.58,"LB / HEAD, LIVE BASIS"
1967,SEP,3.67,"LB / HEAD, LIVE BASIS"
1967,OCT,3.69,"LB / HEAD, LIVE BASIS"
1967,NOV,3.71,"LB / HEAD, LIVE BASIS"
1967,DEC,3.68,"LB / HEAD, LIVE BASIS"
1966,JAN,3.58,"LB / HEAD, LIVE BASIS"
1966,FEB,3.55,"LB / HEAD, LIVE BASIS"
1966,MAR,3.53,"LB / HEAD, LIVE BASIS"
1966,APR,3.57,"LB / HEAD, LIVE BASIS"
1966,MAY,3.54,"LB / HEAD, LIVE BASIS"
1966,JUN,3.53,"LB / HEAD, LIVE BASIS"
1966,JUL,3.45,"LB / HEAD, LIVE BASIS"
1966,AUG,3.51,"LB / HEAD, LIVE BASIS"
1966,SEP,3.63,"LB / HEAD, LIVE BASIS"
1966,OCT,3.68,"LB / HEAD, LIVE BASIS"
1966,NOV,3.65,"LB / HEAD, LIVE BASIS"
1966,DEC,3.68,"LB / HEAD, LIVE BASIS"
1965,JAN,3.61,"LB / HEAD, LIVE BASIS"
1965,FEB,3.56,"LB / HEAD, LIVE BASIS"
1965,MAR,3.53,"LB / HEAD, LIVE BASIS"
1965,APR,3.55,"LB / HEAD, LIVE BASIS"
1965,MAY,3.52,"LB / HEAD, LIVE BASIS"
1965,JUN,3.54,"LB / HEAD, LIVE BASIS"
1965,JUL,3.45,"LB / HEAD, LIVE BASIS"
1965,AUG,3.47,"LB / HEAD, LIVE BASIS"
1965,SEP,3.58,"LB / HEAD, LIVE BASIS"
1965,OCT,3.65,"LB / HEAD, LIVE BASIS"
1965,NOV,3.68,"LB / HEAD, LIVE BASIS"
1965,DEC,3.65,"LB / HEAD, LIVE BASIS"
1964,JAN,3.59,"LB / HEAD, LIVE BASIS"
1964,FEB,3.53,"LB / HEAD, LIVE BASIS"
1964,MAR,3.56,"LB / HEAD, LIVE BASIS"
1964,APR,3.58,"LB / HEAD, LIVE BASIS"
1964,MAY,3.56,"LB / HEAD, LIVE BASIS"
1964,JUN,3.51,"LB / HEAD, LIVE BASIS"
1964,JUL,3.44,"LB / HEAD, LIVE BASIS"
1964,AUG,3.46,"LB / HEAD, LIVE BASIS"
1964,SEP,3.53,"LB / HEAD, LIVE BASIS"
1964,OCT,3.65,"LB / HEAD, LIVE BASIS"
1964,NOV,3.63,"LB / HEAD, LIVE BASIS"
1964,DEC,3.67,"LB / HEAD, LIVE BASIS"
1963,JAN,3.56,"LB / HEAD, LIVE BASIS"
1963,FEB,3.52,"LB / HEAD, LIVE BASIS"
1963,MAR,3.53,"LB / HEAD, LIVE BASIS"
1963,APR,3.59,"LB / HEAD, LIVE BASIS"
1963,MAY,3.53,"LB / HEAD, LIVE BASIS"
1963,JUN,3.47,"LB / HEAD, LIVE BASIS"
1963,JUL,3.44,"LB / HEAD, LIVE BASIS"
1963,AUG,3.44,"LB / HEAD, LIVE BASIS"
1963,SEP,3.58,"LB / HEAD, LIVE BASIS"
1963,OCT,3.64,"LB / HEAD, LIVE BASIS"
1963,NOV,3.69,"LB / HEAD, LIVE BASIS"
1963,DEC,3.68,"LB / HEAD, LIVE BASIS"
1962,JAN,3.53,"LB / HEAD, LIVE BASIS"
1962,FEB,3.47,"LB / HEAD, LIVE BASIS"
1962,MAR,3.53,"LB / HEAD, LIVE BASIS"
1962,APR,3.55,"LB / HEAD, LIVE BASIS"
1962,MAY,3.45,"LB / HEAD, LIVE BASIS"
1962,JUN,3.45,"LB / HEAD, LIVE BASIS"
1962,JUL,3.4,"LB / HEAD, LIVE BASIS"
1962,AUG,3.42,"LB / HEAD, LIVE BASIS"
1962,SEP,3.52,"LB / HEAD, LIVE BASIS"
1962,OCT,3.61,"LB / HEAD, LIVE BASIS"
1962,NOV,3.66,"LB / HEAD, LIVE BASIS"
1962,DEC,3.58,"LB / HEAD, LIVE BASIS"
1961,JAN,3.53,"LB / HEAD, LIVE BASIS"
1961,FEB,3.45,"LB / HEAD, LIVE BASIS"
1961,MAR,3.48,"LB / HEAD, LIVE BASIS"
1961,APR,3.55,"LB / HEAD, LIVE BASIS"
1961,MAY,3.48,"LB / HEAD, LIVE BASIS"
1961,JUN,3.45,"LB / HEAD, LIVE BASIS"
1961,JUL,3.45,"LB / HEAD, LIVE BASIS"
1961,AUG,3.47,"LB / HEAD, LIVE BASIS"
1961,SEP,3.55,"LB / HEAD, LIVE BASIS"
1961,OCT,3.65,"LB / HEAD, LIVE BASIS"
1961,NOV,3.66,"LB / HEAD, LIVE BASIS"
1961,DEC,3.64,"LB / HEAD, LIVE BASIS"
1960,JAN,3.47,"LB / HEAD, LIVE BASIS"
1960,FEB,3.42,"LB / HEAD, LIVE BASIS"
1960,MAR,3.37,"LB / HEAD, LIVE BASIS"
1960,APR,3.4,"LB / HEAD, LIVE BASIS"
1960,MAY,3.43,"LB / HEAD, LIVE BASIS"
1960,JUN,3.38,"LB / HEAD, LIVE BASIS"
1960,JUL,3.33,"LB / HEAD, LIVE BASIS"
1960,AUG,3.32,"LB / HEAD, LIVE BASIS"
1960,SEP,3.49,"LB / HEAD, LIVE BASIS"
1960,OCT,3.6,"LB / HEAD, LIVE BASIS"
1960,NOV,3.65,"LB / HEAD, LIVE BASIS"
1960,DEC,3.61,"LB / HEAD, LIVE BASIS"
